BEGIN TRANSACTION;
CREATE TABLE "Web2_comentarios" ("id" integer NOT NULL PRIMARY KEY AUTOINCREMENT, "texto" text NOT NULL, "active" bool NOT NULL, "post_id" integer NOT NULL REFERENCES "Web2_propuesta" ("id") DEFERRABLE INITIALLY DEFERRED, "usuario_id" integer NOT NULL REFERENCES "auth_user" ("id") DEFERRABLE INITIALLY DEFERRED);
INSERT INTO "Web2_comentarios" VALUES(2,'Buen video',1,1,3);
CREATE TABLE "Web2_contacto" ("id" integer NOT NULL PRIMARY KEY AUTOINCREMENT, "nombre" varchar(30) NOT NULL, "correo" varchar(300) NOT NULL, "descripcion" varchar(200) NOT NULL, "user_id" integer NOT NULL REFERENCES "auth_user" ("id") DEFERRABLE INITIALLY DEFERRED, "post_id" integer NOT NULL REFERENCES "Web2_propuesta" ("id") DEFERRABLE INITIALLY DEFERRED);
CREATE TABLE "Web2_grupo" ("id" integer NOT NULL PRIMARY KEY AUTOINCREMENT, "titulo" varchar(50) NOT NULL, "Descripcion" varchar(150) NOT NULL, "user_id" integer NOT NULL REFERENCES "auth_user" ("id") DEFERRABLE INITIALLY DEFERRED);
INSERT INTO "Web2_grupo" VALUES(1,'Ejemplo1','Ejemplo1',3);
INSERT INTO "Web2_grupo" VALUES(2,'ejemplo2','ejemplo2',2);
INSERT INTO "Web2_grupo" VALUES(3,'UPB','Grupo Upb',2);
CREATE TABLE "Web2_grupo_seguir" ("id" integer NOT NULL PRIMARY KEY AUTOINCREMENT, "grupo_id" integer NOT NULL REFERENCES "Web2_grupo" ("id") DEFERRABLE INITIALLY DEFERRED, "user_id" integer NOT NULL REFERENCES "auth_user" ("id") DEFERRABLE INITIALLY DEFERRED);
INSERT INTO "Web2_grupo_seguir" VALUES(4,3,2);
INSERT INTO "Web2_grupo_seguir" VALUES(6,3,3);
INSERT INTO "Web2_grupo_seguir" VALUES(7,1,2);
INSERT INTO "Web2_grupo_seguir" VALUES(8,1,5);
INSERT INTO "Web2_grupo_seguir" VALUES(9,1,3);
CREATE TABLE "Web2_lider" ("id" integer NOT NULL PRIMARY KEY AUTOINCREMENT, "solicitud" text NOT NULL, "user_id" integer NOT NULL REFERENCES "auth_user" ("id") DEFERRABLE INITIALLY DEFERRED);
INSERT INTO "Web2_lider" VALUES(1,'Hola. quiero ser lider',2);
INSERT INTO "Web2_lider" VALUES(2,'Hola, quiero ser lider',5);
CREATE TABLE "Web2_propuesta" ("id" integer NOT NULL PRIMARY KEY AUTOINCREMENT, "titulo" varchar(50) NOT NULL, "Descripcion" varchar(300) NOT NULL, "link" varchar(200) NOT NULL, "diapostivas" varchar(100) NOT NULL, "user_id" integer NOT NULL REFERENCES "auth_user" ("id") DEFERRABLE INITIALLY DEFERRED);
INSERT INTO "Web2_propuesta" VALUES(1,'Ejemplo1','Ejemplo1','https://www.youtube.com/watch?v=dQw4w9WgXcQ','diapositivas/Normalización_2.pptx',2);
INSERT INTO "Web2_propuesta" VALUES(2,'ejemplo2','Ejemplo1','https://www.youtube.com/watch?v=dQw4w9WgXcQ','diapositivas/Normalización_KP1ldbB.pptx',3);
CREATE TABLE "Web2_propuesta_like" ("id" integer NOT NULL PRIMARY KEY AUTOINCREMENT, "propuesta_id" integer NOT NULL REFERENCES "Web2_propuesta" ("id") DEFERRABLE INITIALLY DEFERRED, "user_id" integer NOT NULL REFERENCES "auth_user" ("id") DEFERRABLE INITIALLY DEFERRED);
INSERT INTO "Web2_propuesta_like" VALUES(2,2,3);
CREATE TABLE "Web2_universitario" ("id" integer NOT NULL PRIMARY KEY AUTOINCREMENT, "tipo_usuario" varchar(13) NOT NULL, "universidad" varchar(80) NULL, "facultad" varchar(50) NULL, "promedio" decimal NULL, "semestre" varchar(2) NULL, "identificacion" varchar(10) NULL, "user_id" integer NOT NULL REFERENCES "auth_user" ("id") DEFERRABLE INITIALLY DEFERRED, "lider" varchar(1) NULL);
INSERT INTO "Web2_universitario" VALUES(1,'universitario','UPB','Ingenieria de Sistemas e Informatica',4.2,'8','0001112223',3,'1');
INSERT INTO "Web2_universitario" VALUES(2,'universitario','upb','sistemas',5,'4','01111112',2,'1');
INSERT INTO "Web2_universitario" VALUES(3,'universitario','UPB','sistemas',2,'4','0199129222',5,'0');
CREATE TABLE "auth_group" ("id" integer NOT NULL PRIMARY KEY AUTOINCREMENT, "name" varchar(150) NOT NULL UNIQUE);
CREATE TABLE "auth_group_permissions" ("id" integer NOT NULL PRIMARY KEY AUTOINCREMENT, "group_id" integer NOT NULL REFERENCES "auth_group" ("id") DEFERRABLE INITIALLY DEFERRED, "permission_id" integer NOT NULL REFERENCES "auth_permission" ("id") DEFERRABLE INITIALLY DEFERRED);
CREATE TABLE "auth_permission" ("id" integer NOT NULL PRIMARY KEY AUTOINCREMENT, "content_type_id" integer NOT NULL REFERENCES "django_content_type" ("id") DEFERRABLE INITIALLY DEFERRED, "codename" varchar(100) NOT NULL, "name" varchar(255) NOT NULL);
INSERT INTO "auth_permission" VALUES(1,1,'add_logentry','Can add log entry');
INSERT INTO "auth_permission" VALUES(2,1,'change_logentry','Can change log entry');
INSERT INTO "auth_permission" VALUES(3,1,'delete_logentry','Can delete log entry');
INSERT INTO "auth_permission" VALUES(4,1,'view_logentry','Can view log entry');
INSERT INTO "auth_permission" VALUES(5,2,'add_permission','Can add permission');
INSERT INTO "auth_permission" VALUES(6,2,'change_permission','Can change permission');
INSERT INTO "auth_permission" VALUES(7,2,'delete_permission','Can delete permission');
INSERT INTO "auth_permission" VALUES(8,2,'view_permission','Can view permission');
INSERT INTO "auth_permission" VALUES(9,3,'add_group','Can add group');
INSERT INTO "auth_permission" VALUES(10,3,'change_group','Can change group');
INSERT INTO "auth_permission" VALUES(11,3,'delete_group','Can delete group');
INSERT INTO "auth_permission" VALUES(12,3,'view_group','Can view group');
INSERT INTO "auth_permission" VALUES(13,4,'add_user','Can add user');
INSERT INTO "auth_permission" VALUES(14,4,'change_user','Can change user');
INSERT INTO "auth_permission" VALUES(15,4,'delete_user','Can delete user');
INSERT INTO "auth_permission" VALUES(16,4,'view_user','Can view user');
INSERT INTO "auth_permission" VALUES(17,5,'add_contenttype','Can add content type');
INSERT INTO "auth_permission" VALUES(18,5,'change_contenttype','Can change content type');
INSERT INTO "auth_permission" VALUES(19,5,'delete_contenttype','Can delete content type');
INSERT INTO "auth_permission" VALUES(20,5,'view_contenttype','Can view content type');
INSERT INTO "auth_permission" VALUES(21,6,'add_session','Can add session');
INSERT INTO "auth_permission" VALUES(22,6,'change_session','Can change session');
INSERT INTO "auth_permission" VALUES(23,6,'delete_session','Can delete session');
INSERT INTO "auth_permission" VALUES(24,6,'view_session','Can view session');
INSERT INTO "auth_permission" VALUES(25,7,'add_grupo','Can add grupo');
INSERT INTO "auth_permission" VALUES(26,7,'change_grupo','Can change grupo');
INSERT INTO "auth_permission" VALUES(27,7,'delete_grupo','Can delete grupo');
INSERT INTO "auth_permission" VALUES(28,7,'view_grupo','Can view grupo');
INSERT INTO "auth_permission" VALUES(29,8,'add_universitario','Can add universitario');
INSERT INTO "auth_permission" VALUES(30,8,'change_universitario','Can change universitario');
INSERT INTO "auth_permission" VALUES(31,8,'delete_universitario','Can delete universitario');
INSERT INTO "auth_permission" VALUES(32,8,'view_universitario','Can view universitario');
INSERT INTO "auth_permission" VALUES(33,9,'add_propuesta','Can add propuesta');
INSERT INTO "auth_permission" VALUES(34,9,'change_propuesta','Can change propuesta');
INSERT INTO "auth_permission" VALUES(35,9,'delete_propuesta','Can delete propuesta');
INSERT INTO "auth_permission" VALUES(36,9,'view_propuesta','Can view propuesta');
INSERT INTO "auth_permission" VALUES(37,10,'add_relacion','Can add relacion');
INSERT INTO "auth_permission" VALUES(38,10,'change_relacion','Can change relacion');
INSERT INTO "auth_permission" VALUES(39,10,'delete_relacion','Can delete relacion');
INSERT INTO "auth_permission" VALUES(40,10,'view_relacion','Can view relacion');
INSERT INTO "auth_permission" VALUES(41,11,'add_contacto','Can add contacto');
INSERT INTO "auth_permission" VALUES(42,11,'change_contacto','Can change contacto');
INSERT INTO "auth_permission" VALUES(43,11,'delete_contacto','Can delete contacto');
INSERT INTO "auth_permission" VALUES(44,11,'view_contacto','Can view contacto');
INSERT INTO "auth_permission" VALUES(45,12,'add_comentario','Can add comentario');
INSERT INTO "auth_permission" VALUES(46,12,'change_comentario','Can change comentario');
INSERT INTO "auth_permission" VALUES(47,12,'delete_comentario','Can delete comentario');
INSERT INTO "auth_permission" VALUES(48,12,'view_comentario','Can view comentario');
INSERT INTO "auth_permission" VALUES(49,13,'add_comentarios','Can add comentarios');
INSERT INTO "auth_permission" VALUES(50,13,'change_comentarios','Can change comentarios');
INSERT INTO "auth_permission" VALUES(51,13,'delete_comentarios','Can delete comentarios');
INSERT INTO "auth_permission" VALUES(52,13,'view_comentarios','Can view comentarios');
INSERT INTO "auth_permission" VALUES(53,14,'add_lider','Can add lider');
INSERT INTO "auth_permission" VALUES(54,14,'change_lider','Can change lider');
INSERT INTO "auth_permission" VALUES(55,14,'delete_lider','Can delete lider');
INSERT INTO "auth_permission" VALUES(56,14,'view_lider','Can view lider');
CREATE TABLE "auth_user" ("id" integer NOT NULL PRIMARY KEY AUTOINCREMENT, "password" varchar(128) NOT NULL, "last_login" datetime NULL, "is_superuser" bool NOT NULL, "username" varchar(150) NOT NULL UNIQUE, "last_name" varchar(150) NOT NULL, "email" varchar(254) NOT NULL, "is_staff" bool NOT NULL, "is_active" bool NOT NULL, "date_joined" datetime NOT NULL, "first_name" varchar(150) NOT NULL);
INSERT INTO "auth_user" VALUES(1,'pbkdf2_sha256$390000$soWIMsdFWKthTOEYZf4dCC$MxotRx6ICkzI44ILQ4zcmv+1eAQGvyexYkBAPHGMDJQ=',NULL,1,'monoconchudo','','edwin@gmail.com',1,1,'2022-10-08 05:14:10.185092','');
INSERT INTO "auth_user" VALUES(2,'pbkdf2_sha256$390000$BFqlyaMdg0nCg5hyR55xdI$dZwSNENxHXf7Q1Q8Xs2rXUcrfAW9cNBADt7NcRkAzis=','2022-10-19 02:09:05.702789',1,'edwin@gmail.com','Tarazona','',1,1,'2022-10-08 05:30:18.244698','Edwin');
INSERT INTO "auth_user" VALUES(3,'pbkdf2_sha256$390000$Ob5bMnkcdL1M3sDkORH5os$2qv8D78/G6YK2t55z+Pj3ZNq7xZ0S/wUigxAo1Nzu6g=','2022-10-19 02:07:29.458601',0,'juan@gmail.com','acuna','',0,1,'2022-10-08 05:31:03.632779','juan');
INSERT INTO "auth_user" VALUES(4,'pbkdf2_sha256$390000$WHxyWXb7I3yO0xXbEkdHSK$Tr5hel+ItAFK4bpHqpuTKmd0ConYH3eLFXCxUfKhlZg=','2022-10-12 03:20:50.057314',0,'maria@gmail.com','Angel','',0,1,'2022-10-12 03:16:07.960225','Maria');
INSERT INTO "auth_user" VALUES(5,'pbkdf2_sha256$390000$mMd0X2cU6izbBZ0r4czxIk$gEMCdSpyxL2ddvpSkfHvo4t3/87dIytYBqGZF722msw=','2022-10-18 03:16:07.827160',0,'nicolas@gmail.com','morakes','',0,1,'2022-10-18 03:16:04.755667','Nicolas');
CREATE TABLE "auth_user_groups" ("id" integer NOT NULL PRIMARY KEY AUTOINCREMENT, "user_id" integer NOT NULL REFERENCES "auth_user" ("id") DEFERRABLE INITIALLY DEFERRED, "group_id" integer NOT NULL REFERENCES "auth_group" ("id") DEFERRABLE INITIALLY DEFERRED);
CREATE TABLE "auth_user_user_permissions" ("id" integer NOT NULL PRIMARY KEY AUTOINCREMENT, "user_id" integer NOT NULL REFERENCES "auth_user" ("id") DEFERRABLE INITIALLY DEFERRED, "permission_id" integer NOT NULL REFERENCES "auth_permission" ("id") DEFERRABLE INITIALLY DEFERRED);
CREATE TABLE "django_admin_log" ("id" integer NOT NULL PRIMARY KEY AUTOINCREMENT, "object_id" text NULL, "object_repr" varchar(200) NOT NULL, "action_flag" smallint unsigned NOT NULL CHECK ("action_flag" >= 0), "change_message" text NOT NULL, "content_type_id" integer NULL REFERENCES "django_content_type" ("id") DEFERRABLE INITIALLY DEFERRED, "user_id" integer NOT NULL REFERENCES "auth_user" ("id") DEFERRABLE INITIALLY DEFERRED, "action_time" datetime NOT NULL);
INSERT INTO "django_admin_log" VALUES(1,'3','NoneRespuesta1None',1,'[{"added": {}}]',9,2,'2022-10-16 01:37:34.733109');
INSERT INTO "django_admin_log" VALUES(2,'1','comentario de edwin@gmail.com Que buen post amigo',1,'[{"added": {}}]',12,2,'2022-10-16 02:10:33.549849');
INSERT INTO "django_admin_log" VALUES(3,'1','comentario de edwin@gmail.com Que buen post amigo',1,'[{"added": {}}]',13,2,'2022-10-16 02:17:55.377147');
INSERT INTO "django_admin_log" VALUES(4,'2','comentario de juan@gmail.com Buen video',1,'[{"added": {}}]',13,2,'2022-10-18 03:44:14.840069');
CREATE TABLE "django_content_type" ("id" integer NOT NULL PRIMARY KEY AUTOINCREMENT, "app_label" varchar(100) NOT NULL, "model" varchar(100) NOT NULL);
INSERT INTO "django_content_type" VALUES(1,'admin','logentry');
INSERT INTO "django_content_type" VALUES(2,'auth','permission');
INSERT INTO "django_content_type" VALUES(3,'auth','group');
INSERT INTO "django_content_type" VALUES(4,'auth','user');
INSERT INTO "django_content_type" VALUES(5,'contenttypes','contenttype');
INSERT INTO "django_content_type" VALUES(6,'sessions','session');
INSERT INTO "django_content_type" VALUES(7,'Web2','grupo');
INSERT INTO "django_content_type" VALUES(8,'Web2','universitario');
INSERT INTO "django_content_type" VALUES(9,'Web2','propuesta');
INSERT INTO "django_content_type" VALUES(10,'Web2','relacion');
INSERT INTO "django_content_type" VALUES(11,'Web2','contacto');
INSERT INTO "django_content_type" VALUES(12,'Web2','comentario');
INSERT INTO "django_content_type" VALUES(13,'Web2','comentarios');
INSERT INTO "django_content_type" VALUES(14,'Web2','lider');
CREATE TABLE "django_migrations" ("id" integer NOT NULL PRIMARY KEY AUTOINCREMENT, "app" varchar(255) NOT NULL, "name" varchar(255) NOT NULL, "applied" datetime NOT NULL);
INSERT INTO "django_migrations" VALUES(1,'contenttypes','0001_initial','2022-10-08 05:13:23.453081');
INSERT INTO "django_migrations" VALUES(2,'auth','0001_initial','2022-10-08 05:13:23.473865');
INSERT INTO "django_migrations" VALUES(3,'Web2','0001_initial','2022-10-08 05:13:23.481998');
INSERT INTO "django_migrations" VALUES(4,'Web2','0002_alter_usuario_username','2022-10-08 05:13:23.491332');
INSERT INTO "django_migrations" VALUES(5,'Web2','0003_alter_usuario_fecha','2022-10-08 05:13:23.498534');
INSERT INTO "django_migrations" VALUES(6,'Web2','0004_alter_usuario_fecha','2022-10-08 05:13:23.507869');
INSERT INTO "django_migrations" VALUES(7,'Web2','0005_grupo_universitario_delete_usuario','2022-10-08 05:13:23.528134');
INSERT INTO "django_migrations" VALUES(8,'admin','0001_initial','2022-10-08 05:13:23.544642');
INSERT INTO "django_migrations" VALUES(9,'admin','0002_logentry_remove_auto_add','2022-10-08 05:13:23.557639');
INSERT INTO "django_migrations" VALUES(10,'admin','0003_logentry_add_action_flag_choices','2022-10-08 05:13:23.570148');
INSERT INTO "django_migrations" VALUES(11,'contenttypes','0002_remove_content_type_name','2022-10-08 05:13:23.588876');
INSERT INTO "django_migrations" VALUES(12,'auth','0002_alter_permission_name_max_length','2022-10-08 05:13:23.603339');
INSERT INTO "django_migrations" VALUES(13,'auth','0003_alter_user_email_max_length','2022-10-08 05:13:23.615368');
INSERT INTO "django_migrations" VALUES(14,'auth','0004_alter_user_username_opts','2022-10-08 05:13:23.626673');
INSERT INTO "django_migrations" VALUES(15,'auth','0005_alter_user_last_login_null','2022-10-08 05:13:23.640677');
INSERT INTO "django_migrations" VALUES(16,'auth','0006_require_contenttypes_0002','2022-10-08 05:13:23.647351');
INSERT INTO "django_migrations" VALUES(17,'auth','0007_alter_validators_add_error_messages','2022-10-08 05:13:23.656945');
INSERT INTO "django_migrations" VALUES(18,'auth','0008_alter_user_username_max_length','2022-10-08 05:13:23.670172');
INSERT INTO "django_migrations" VALUES(19,'auth','0009_alter_user_last_name_max_length','2022-10-08 05:13:23.683343');
INSERT INTO "django_migrations" VALUES(20,'auth','0010_alter_group_name_max_length','2022-10-08 05:13:23.695882');
INSERT INTO "django_migrations" VALUES(21,'auth','0011_update_proxy_permissions','2022-10-08 05:13:23.706004');
INSERT INTO "django_migrations" VALUES(22,'auth','0012_alter_user_first_name_max_length','2022-10-08 05:13:23.719300');
INSERT INTO "django_migrations" VALUES(23,'sessions','0001_initial','2022-10-08 05:13:23.730607');
INSERT INTO "django_migrations" VALUES(24,'Web2','0006_grupo_tipo','2022-10-08 19:51:49.347841');
INSERT INTO "django_migrations" VALUES(25,'Web2','0007_remove_grupo_tipo','2022-10-08 20:08:36.418113');
INSERT INTO "django_migrations" VALUES(26,'Web2','0008_alter_grupo_id','2022-10-09 00:23:59.657963');
INSERT INTO "django_migrations" VALUES(27,'Web2','0009_propuesta','2022-10-09 04:25:52.140578');
INSERT INTO "django_migrations" VALUES(28,'Web2','0010_alter_grupo_user','2022-10-09 04:38:06.772655');
INSERT INTO "django_migrations" VALUES(29,'Web2','0011_alter_grupo_user','2022-10-09 05:02:17.412920');
INSERT INTO "django_migrations" VALUES(30,'Web2','0012_alter_grupo_user','2022-10-09 05:16:20.468628');
INSERT INTO "django_migrations" VALUES(31,'Web2','0013_universitario_lider','2022-10-11 04:10:23.402363');
INSERT INTO "django_migrations" VALUES(32,'Web2','0014_alter_propuesta_diapostivas','2022-10-12 03:36:25.304615');
INSERT INTO "django_migrations" VALUES(33,'Web2','0015_alter_propuesta_diapostivas','2022-10-12 03:59:10.460992');
INSERT INTO "django_migrations" VALUES(34,'Web2','0016_alter_propuesta_diapostivas','2022-10-12 05:41:51.164480');
INSERT INTO "django_migrations" VALUES(35,'Web2','0017_alter_propuesta_diapostivas','2022-10-12 05:42:21.571669');
INSERT INTO "django_migrations" VALUES(36,'Web2','0018_relacion_relacion_web2_relaci_from_us_49dd7d_idx','2022-10-12 21:30:23.229730');
INSERT INTO "django_migrations" VALUES(37,'Web2','0019_alter_grupo_user','2022-10-12 22:08:07.878444');
INSERT INTO "django_migrations" VALUES(38,'Web2','0020_grupo_seguir_alter_grupo_user_delete_relacion','2022-10-13 05:53:28.413073');
INSERT INTO "django_migrations" VALUES(39,'Web2','0021_contacto','2022-10-15 03:38:49.929419');
INSERT INTO "django_migrations" VALUES(40,'Web2','0022_comentario','2022-10-15 04:08:30.827603');
INSERT INTO "django_migrations" VALUES(41,'Web2','0023_propuesta_padre','2022-10-16 01:10:09.358506');
INSERT INTO "django_migrations" VALUES(42,'Web2','0024_alter_propuesta_descripcion_and_more','2022-10-16 01:36:48.288319');
INSERT INTO "django_migrations" VALUES(43,'Web2','0025_alter_propuesta_descripcion_and_more','2022-10-16 01:37:30.465529');
INSERT INTO "django_migrations" VALUES(44,'Web2','0026_remove_propuesta_padre_alter_propuesta_descripcion_and_more','2022-10-16 01:45:38.042141');
INSERT INTO "django_migrations" VALUES(45,'Web2','0027_comentario_active','2022-10-16 01:56:10.894504');
INSERT INTO "django_migrations" VALUES(46,'Web2','0028_alter_comentario_active','2022-10-16 02:05:14.547246');
INSERT INTO "django_migrations" VALUES(47,'Web2','0029_alter_comentario_active','2022-10-16 02:07:09.616426');
INSERT INTO "django_migrations" VALUES(48,'Web2','0030_comentarios_delete_comentario','2022-10-16 02:17:02.437270');
INSERT INTO "django_migrations" VALUES(49,'Web2','0031_remove_comentarios_user','2022-10-16 02:17:42.095866');
INSERT INTO "django_migrations" VALUES(50,'Web2','0032_lider','2022-10-17 17:03:47.620289');
INSERT INTO "django_migrations" VALUES(51,'Web2','0033_alter_propuesta_link','2022-10-18 03:32:34.508842');
INSERT INTO "django_migrations" VALUES(52,'Web2','0034_contacto_post','2022-10-18 03:48:54.250281');
INSERT INTO "django_migrations" VALUES(53,'Web2','0035_propuesta_like','2022-10-19 01:57:23.035038');
CREATE TABLE "django_session" ("session_key" varchar(40) NOT NULL PRIMARY KEY, "session_data" text NOT NULL, "expire_date" datetime NOT NULL);
INSERT INTO "django_session" VALUES('idahx0so0aknkgb6lrx0ow6eqgur7fh6','.eJxVjEEOgjAQRe_StWmgnalTl-45AxnaGYsaSCisjHdXEha6_e-9_zI9b2vptypLP2ZzMd6cfreB00OmHeQ7T7fZpnlal3Gwu2IPWm03Z3leD_fvoHAt31pbwqZRdhR8zCCgIMQBE4AqE3pBT5gVGweZ8CyRVQnaACmSC9G8P9sAN3A:1ohKEc:qJe-Ck3zjL4i1z5ga9UlbSQ72lNOf5WIBA5UyTfUoXQ','2022-10-23 00:32:02.134062');
INSERT INTO "django_session" VALUES('gp5nkuawk1lsb0axjq6muup0qilvrthd','.eJxVjMEOwiAQRP-FsyHA4kI9evcbCCyLVA1NSnsy_rtt0oMe5jLvzbxFiOtSw9p5DmMWF2HE6bdLkZ7cdpAfsd0nSVNb5jHJXZEH7fI2ZX5dD_fvoMZet7Vm7QsoBMDBA5a4hSE7OCdCHNA6r0wh4yyBz9pkZZEtOUZgqyKIzxe8Sjbv:1ohM8u:VnH71Ss6cPvgT5ePVs4BXbmcjsmh6PRnq2g0fxuWLP4','2022-10-23 02:34:16.577828');
INSERT INTO "django_session" VALUES('9iypiifth5syo95r1fm6nfgorvdchetk','.eJxVjEEOgjAQRe_StWmgnalTl-45AxnaGYsaSCisjHdXEha6_e-9_zI9b2vptypLP2ZzMd6cfreB00OmHeQ7T7fZpnlal3Gwu2IPWm03Z3leD_fvoHAt31pbwqZRdhR8zCCgIMQBE4AqE3pBT5gVGweZ8CyRVQnaACmSC9G8P9sAN3A:1ohzNH:pDjzZnLdFmobniO2lb-I2mPHiuImEBT8jeavXR7uaY4','2022-10-24 20:27:43.623983');
INSERT INTO "django_session" VALUES('te2y2rg01e0uji2tof899oay8heqkxu6','.eJxVjMEOwiAQRP-FsyHA4kI9evcbCCyLVA1NSnsy_rtt0oMe5jLvzbxFiOtSw9p5DmMWF2HE6bdLkZ7cdpAfsd0nSVNb5jHJXZEH7fI2ZX5dD_fvoMZet7Vm7QsoBMDBA5a4hSE7OCdCHNA6r0wh4yyBz9pkZZEtOUZgqyKIzxe8Sjbv:1oi4m9:0mOj8NMkGDmj51XOMtbThPaACDCoSgTGiFG8NYo4CQI','2022-10-25 02:13:45.911932');
INSERT INTO "django_session" VALUES('j8xrf7ebkde3vn9vz4ug55v0cw88qmfy','.eJxVjMEOwiAQRP-FsyHA4kI9evcbCCyLVA1NSnsy_rtt0oMe5jLvzbxFiOtSw9p5DmMWF2HE6bdLkZ7cdpAfsd0nSVNb5jHJXZEH7fI2ZX5dD_fvoMZet7Vm7QsoBMDBA5a4hSE7OCdCHNA6r0wh4yyBz9pkZZEtOUZgqyKIzxe8Sjbv:1oiSLC:hLJqkV-50duu3w48zjlzvAV7VSiHP1q26mh79IBY784','2022-10-26 03:23:30.342417');
INSERT INTO "django_session" VALUES('uhonraavsf9lsms5xjhha6plztveul66','.eJxVjMEOwiAQRP-FsyHA4kI9evcbCCyLVA1NSnsy_rtt0oMe5jLvzbxFiOtSw9p5DmMWF2HE6bdLkZ7cdpAfsd0nSVNb5jHJXZEH7fI2ZX5dD_fvoMZet7Vm7QsoBMDBA5a4hSE7OCdCHNA6r0wh4yyBz9pkZZEtOUZgqyKIzxe8Sjbv:1oiUMo:lyHE_MkGsiM6pND0pCqrPVsrUbG714BAMPAGJHicVvw','2022-10-26 05:33:18.895504');
INSERT INTO "django_session" VALUES('juo73563mdrd8s3zckwvlurrlkjil8hw','.eJxVjMEOwiAQRP-FsyHA4kI9evcbCCyLVA1NSnsy_rtt0oMe5jLvzbxFiOtSw9p5DmMWF2HE6bdLkZ7cdpAfsd0nSVNb5jHJXZEH7fI2ZX5dD_fvoMZet7Vm7QsoBMDBA5a4hSE7OCdCHNA6r0wh4yyBz9pkZZEtOUZgqyKIzxe8Sjbv:1ojYa8:qD2dgs-_CCcI_kxJXA5qaKSlZgdXsiid4jM4D1og-0c','2022-10-29 04:15:28.895655');
DELETE FROM "sqlite_sequence";
INSERT INTO "sqlite_sequence" VALUES('django_migrations',53);
INSERT INTO "sqlite_sequence" VALUES('django_admin_log',4);
INSERT INTO "sqlite_sequence" VALUES('django_content_type',14);
INSERT INTO "sqlite_sequence" VALUES('auth_permission',56);
INSERT INTO "sqlite_sequence" VALUES('auth_group',0);
INSERT INTO "sqlite_sequence" VALUES('auth_user',5);
INSERT INTO "sqlite_sequence" VALUES('Web2_universitario',3);
INSERT INTO "sqlite_sequence" VALUES('Web2_grupo',3);
INSERT INTO "sqlite_sequence" VALUES('Web2_grupo_seguir',9);
INSERT INTO "sqlite_sequence" VALUES('Web2_comentarios',2);
INSERT INTO "sqlite_sequence" VALUES('Web2_lider',2);
INSERT INTO "sqlite_sequence" VALUES('Web2_contacto',0);
INSERT INTO "sqlite_sequence" VALUES('Web2_propuesta',2);
INSERT INTO "sqlite_sequence" VALUES('Web2_propuesta_like',2);
CREATE UNIQUE INDEX "auth_group_permissions_group_id_permission_id_0cd325b0_uniq" ON "auth_group_permissions" ("group_id", "permission_id");
CREATE INDEX "auth_group_permissions_group_id_b120cbf9" ON "auth_group_permissions" ("group_id");
CREATE INDEX "auth_group_permissions_permission_id_84c5c92e" ON "auth_group_permissions" ("permission_id");
CREATE UNIQUE INDEX "auth_user_groups_user_id_group_id_94350c0c_uniq" ON "auth_user_groups" ("user_id", "group_id");
CREATE INDEX "auth_user_groups_user_id_6a12ed8b" ON "auth_user_groups" ("user_id");
CREATE INDEX "auth_user_groups_group_id_97559544" ON "auth_user_groups" ("group_id");
CREATE UNIQUE INDEX "auth_user_user_permissions_user_id_permission_id_14a6b632_uniq" ON "auth_user_user_permissions" ("user_id", "permission_id");
CREATE INDEX "auth_user_user_permissions_user_id_a95ead1b" ON "auth_user_user_permissions" ("user_id");
CREATE INDEX "auth_user_user_permissions_permission_id_1fbb5f2c" ON "auth_user_user_permissions" ("permission_id");
CREATE INDEX "django_admin_log_content_type_id_c4bce8eb" ON "django_admin_log" ("content_type_id");
CREATE INDEX "django_admin_log_user_id_c564eba6" ON "django_admin_log" ("user_id");
CREATE UNIQUE INDEX "django_content_type_app_label_model_76bd3d3b_uniq" ON "django_content_type" ("app_label", "model");
CREATE UNIQUE INDEX "auth_permission_content_type_id_codename_01ab375a_uniq" ON "auth_permission" ("content_type_id", "codename");
CREATE INDEX "auth_permission_content_type_id_2f476e4b" ON "auth_permission" ("content_type_id");
CREATE INDEX "django_session_expire_date_a5c62663" ON "django_session" ("expire_date");
CREATE INDEX "Web2_universitario_user_id_451e77f8" ON "Web2_universitario" ("user_id");
CREATE UNIQUE INDEX "Web2_grupo_seguir_grupo_id_user_id_abd20f4a_uniq" ON "Web2_grupo_seguir" ("grupo_id", "user_id");
CREATE INDEX "Web2_grupo_seguir_grupo_id_37511dbf" ON "Web2_grupo_seguir" ("grupo_id");
CREATE INDEX "Web2_grupo_seguir_user_id_47949b03" ON "Web2_grupo_seguir" ("user_id");
CREATE INDEX "Web2_grupo_user_id_2cbff271" ON "Web2_grupo" ("user_id");
CREATE INDEX "Web2_comentarios_post_id_79c32b8e" ON "Web2_comentarios" ("post_id");
CREATE INDEX "Web2_comentarios_usuario_id_50c522c0" ON "Web2_comentarios" ("usuario_id");
CREATE INDEX "Web2_lider_user_id_2a0a968f" ON "Web2_lider" ("user_id");
CREATE INDEX "Web2_contacto_user_id_3302e74e" ON "Web2_contacto" ("user_id");
CREATE INDEX "Web2_contacto_post_id_936db158" ON "Web2_contacto" ("post_id");
CREATE INDEX "Web2_propuesta_user_id_d76cd8e7" ON "Web2_propuesta" ("user_id");
CREATE UNIQUE INDEX "Web2_propuesta_like_propuesta_id_user_id_91279ed7_uniq" ON "Web2_propuesta_like" ("propuesta_id", "user_id");
CREATE INDEX "Web2_propuesta_like_propuesta_id_0734c6e7" ON "Web2_propuesta_like" ("propuesta_id");
CREATE INDEX "Web2_propuesta_like_user_id_3f71bb83" ON "Web2_propuesta_like" ("user_id");
COMMIT;
